ID;Módulo;Tópico;Funcionalidade / Requisito;Tipo;Obrigatório;Prioridade;Critério de aceite;Artefato esperado;Dependências;Status;Responsável;Evidência / Link;Observações
1;Visão Geral e Propósito do Projeto;Plataforma corporativa;Construir plataforma end-to-end para engenharia, governança e analytics de dados ambientais;Épico;Sim;Alta;Fluxo completo da origem ao consumo analítico demonstrado;Solução integrada;;Em andamento;Jaclin;;Os módulos existem, mas falta demonstrar o fluxo integrado da origem ao consumo analítico.
2;Visão Geral e Propósito do Projeto;Papéis;Suportar atuação de Engenheiros de Dados e Analistas de Analytics;Requisito;Sim;Alta;Responsabilidades técnicas contempladas nos módulos;Organização de trabalho;;Em andamento;Jaclin;;
3;Cenário de Negócio e Origem dos Dados;Fontes;Capturar dados brutos de sensores e telemetria;Funcionalidade;Sim;Alta;Dados disponíveis para ingestão;Fonte de dados;;Em andamento;Jorge;;"Há JSONs de amostra; falta captura de sensores/telemetria e persistência do dado bruto na origem."
4;Cenário de Negócio e Origem dos Dados;Parâmetros ambientais;Processar medições de Temperatura da água;Dado/medição;Sim;Alta;Parâmetro Temperatura da água armazenado e consultável;Dataset ambiental;;Concluído;;;
5;Cenário de Negócio e Origem dos Dados;Parâmetros ambientais;Processar medições de Temperatura do ar;Dado/medição;Sim;Alta;Parâmetro Temperatura do ar armazenado e consultável;Dataset ambiental;;Concluído;;;
6;Cenário de Negócio e Origem dos Dados;Parâmetros ambientais;Processar medições de Potencial Hidrogeniônico (pH);Dado/medição;Sim;Alta;Parâmetro Potencial Hidrogeniônico (pH) armazenado e consultável;Dataset ambiental;;Concluído;;;
7;Cenário de Negócio e Origem dos Dados;Parâmetros ambientais;Processar medições de Oxigênio dissolvido (OD);Dado/medição;Sim;Alta;Parâmetro Oxigênio dissolvido (OD) armazenado e consultável;Dataset ambiental;;Concluído;;;
8;Cenário de Negócio e Origem dos Dados;Parâmetros ambientais;Processar medições de Condutividade elétrica;Dado/medição;Sim;Alta;Parâmetro Condutividade elétrica armazenado e consultável;Dataset ambiental;;Concluído;;;
9;Cenário de Negócio e Origem dos Dados;Parâmetros ambientais;Processar medições de Turbidez da água;Dado/medição;Sim;Alta;Parâmetro Turbidez da água armazenado e consultável;Dataset ambiental;;Não iniciado;;;
10;Cenário de Negócio e Origem dos Dados;Cadastro operacional;Manter cadastro de técnicos e operadores de campo;Funcionalidade;Sim;Alta;Cadastro disponível com proteção de dados pessoais;Tabela Operadores;;Não iniciado;;;
11;Cenário de Negócio e Origem dos Dados;Entrada;Aceitar dados via APIs REST;Integração;Sim;Alta;Pipeline consome endpoint configurado;Conector REST;;Não iniciado;;;
12;Cenário de Negócio e Origem dos Dados;Entrada;Aceitar arquivos de lote JSON;Integração;Sim;Alta;Arquivo JSON é lido e processado;Leitor JSON;;Concluído;;;
13;Cenário de Negócio e Origem dos Dados;Entrada;Aceitar arquivos de lote CSV;Integração;Sim;Alta;Arquivo CSV é lido e processado;Leitor CSV;;Não iniciado;;;
14;Ingestão e Consumo de APIs - Camada Bronze;Consumo resiliente;Realizar requisições HTTP para buscar leituras;Funcionalidade;Sim;Alta;Requisições retornam leituras e registram execução;Pipeline de ingestão;;Não iniciado;;;
15;Ingestão e Consumo de APIs - Camada Bronze;Resiliência;Tratar queda de conexão;Regra técnica;Sim;Alta;Falha é capturada, registrada e tratada sem corrupção;Tratamento de exceções;;Não iniciado;;;
16;Ingestão e Consumo de APIs - Camada Bronze;Resiliência;Tratar respostas vazias;Regra técnica;Sim;Alta;Resposta vazia é identificada e registrada;Validação de resposta;;Não iniciado;;;
17;Ingestão e Consumo de APIs - Camada Bronze;Rate limiting;Controlar limite de requisições por minuto;Regra técnica;Sim;Alta;Limite configurado é respeitado;Controle de taxa;;Não iniciado;;;
18;Ingestão e Consumo de APIs - Camada Bronze;Data Contract;Validar formato recebido contra contrato de dados;Validação;Sim;Alta;Somente registros aderentes seguem no fluxo;Esquema/contrato;;Não iniciado;;;
19;Ingestão e Consumo de APIs - Camada Bronze;Rejeição;Rejeitar campos obrigatórios ausentes;Validação;Sim;Alta;Registro inválido não é persistido como aprovado;Log de rejeições;;Não iniciado;;;
20;Ingestão e Consumo de APIs - Camada Bronze;Rejeição;Rejeitar tipos de dados incompatíveis;Validação;Sim;Alta;Incompatibilidade é registrada com motivo;Log de rejeições;;Em andamento;Jorge;;"Tipos incompatíveis são convertidos em nulos; falta rejeitar e auditar cada registro com o motivo."
21;Ingestão e Consumo de APIs - Camada Bronze;Auditoria;Registrar violações do contrato em log de auditoria;Auditoria;Sim;Alta;Log contém registro, motivo e momento;Log de auditoria;;Não iniciado;;;
22;Ingestão e Consumo de APIs - Camada Bronze;Persistência bruta;Armazenar dados aprovados em formato original JSON;Persistência;Sim;Alta;JSON bruto preservado na pasta Bronze;Arquivos Bronze;;Não iniciado;;;
23;Ingestão e Consumo de APIs - Camada Bronze;Append-only;Persistir dados brutos em modo append-only;Regra técnica;Sim;Alta;Carga normal não altera arquivos históricos;Partições Bronze;;Não iniciado;;;
24;Ingestão e Consumo de APIs - Camada Bronze;Metadados;Adicionar data e hora de ingestão;Metadado;Sim;Alta;Cada registro possui timestamp de ingestão;Coluna de controle;;Em andamento;;;"[Persistência Bruta] `criado_em` registra a criação no banco, não a ingestão; falta timestamp de ingestão por registro."
25;Ingestão e Consumo de APIs - Camada Bronze;Metadados;Adicionar nome da fonte;Metadado;Sim;Alta;Cada registro identifica a origem;Coluna de controle;;Não iniciado;;;
26;Qualidade, Governança e Tratamento - Camada Silver;Completude;Tratar ou remover registros com campos vitais nulos;Qualidade de dados;Sim;Alta;Nenhuma leitura válida sem estação ou data;Regra de qualidade;;Em andamento;;;"Há resolução de estação e campos obrigatórios no banco; falta tratar e auditar leituras sem estação ou data na camada de qualidade."
27;Qualidade, Governança e Tratamento - Camada Silver;Unicidade;Identificar e eliminar linhas duplicadas;Qualidade de dados;Sim;Alta;Retransmissões não geram duplicidade;Regra de qualidade;;Em andamento;;;"A deduplicação ocorre dentro do lote; falta impedir duplicatas entre reexecuções e retransmissões."
28;Qualidade, Governança e Tratamento - Camada Silver;Acurácia e validade;Filtrar pH abaixo de 0 ou acima de 14;Qualidade de dados;Sim;Alta;Somente pH entre 0 e 14 segue como válido;Regra de qualidade;;Em andamento;;;"O DDL restringe pH entre 0 e 14; falta filtrar e auditar valores inválidos antes da persistência."
29;Qualidade, Governança e Tratamento - Camada Silver;Acurácia e validade;Filtrar temperaturas fora de limites viáveis;Qualidade de dados;Sim;Alta;Temperaturas inválidas são tratadas e auditadas;Regra de qualidade;;Não iniciado;;;
30;Qualidade, Governança e Tratamento - Camada Silver;Tempestividade;Garantir ordenação temporal correta das leituras;Qualidade de dados;Sim;Alta;Leituras são ordenadas por data e hora;Regra de qualidade;;Concluído;;;
31;Qualidade, Governança e Tratamento - Camada Silver;Consistência;Aplicar verificações de consistência entre registros;Qualidade de dados;Sim;Alta;Inconsistências são sinalizadas ou tratadas;Regra de qualidade;;Em andamento;;;"FKs cobrem parte da consistência; faltam regras explícitas entre registros e sinalização de inconsistências."
32;Qualidade, Governança e Tratamento - Camada Silver;LGPD;Identificar CPF e nome completo como dados pessoais a proteger;Governança;Sim;Alta;Campos pessoais inventariados e classificados;Catálogo de dados;;Não iniciado;;;
33;Qualidade, Governança e Tratamento - Camada Silver;Anonimização;Aplicar hashing SHA-256 irreversível nas chaves de identificação pessoal;Segurança;Sim;Alta;Identificadores não podem ser revertidos;Campos anonimizados;;Não iniciado;;;
34;Qualidade, Governança e Tratamento - Camada Silver;Criptografia;Aplicar criptografia reversível aos dados que exigem recuperação futura;Segurança;Sim;Alta;Dados autorizados podem ser recuperados mediante chave;Campos criptografados;;Não iniciado;;;
35;Qualidade, Governança e Tratamento - Camada Silver;Persistência;Gravar dados limpos no formato Parquet;Persistência;Sim;Alta;Arquivos Silver em formato colunar Parquet;Arquivos Silver;;Não iniciado;;;
36;Qualidade, Governança e Tratamento - Camada Silver;Compressão;Usar compressão Snappy;Regra técnica;Sim;Alta;Parquet gravado com codec Snappy;Arquivos Silver;;Não iniciado;;;
37;Modelagem Relacional Tradicional - Banco Relacional 3FN;Estacoes;Criar tabela Estacoes;Modelagem;Sim;Alta;Tabela Estacoes criada em 3FN com Identificador, nome da estação, município e estado;Tabela Estacoes;;Concluído;;;
38;Modelagem Relacional Tradicional - Banco Relacional 3FN;Operadores;Criar tabela Operadores;Modelagem;Sim;Alta;Tabela Operadores criada em 3FN com Informações dos técnicos com identificação pessoal anonimizada;Tabela Operadores;;Não iniciado;;;
39;Modelagem Relacional Tradicional - Banco Relacional 3FN;Parametros;Criar tabela Parametros;Modelagem;Sim;Alta;Tabela Parametros criada em 3FN com Código, nome e unidade de medida;Tabela Parametros;;Não iniciado;;;
40;Modelagem Relacional Tradicional - Banco Relacional 3FN;Leituras;Criar tabela Leituras;Modelagem;Sim;Alta;Tabela Leituras criada em 3FN com Identificador da leitura, data/hora, FKs de estação e operador;Tabela Leituras;;Em andamento;;;"Existem tabelas separadas de água e meteorologia; falta a entidade `Leituras` prevista, incluindo vínculo com operador."
41;Modelagem Relacional Tradicional - Banco Relacional 3FN;Leitura_Itens;Criar tabela Leitura_Itens;Modelagem;Sim;Alta;Tabela Leitura_Itens criada em 3FN com Parâmetros medidos e valores, com chave primária composta;Tabela Leitura_Itens;;Não iniciado;;;
42;Modelagem Relacional Tradicional - Banco Relacional 3FN;Integridade;Configurar chaves primárias;Banco de dados;Sim;Alta;Todas as entidades possuem PK válida;DDL SQL;;Em andamento;;;"As tabelas atuais têm PKs; faltam entidades do modelo exigido e validação das chaves no DDL executado."
43;Modelagem Relacional Tradicional - Banco Relacional 3FN;Integridade;Configurar chaves estrangeiras;Banco de dados;Sim;Alta;Relacionamentos impedem referências órfãs;DDL SQL;;Em andamento;;;"Há FKs no esquema atual; faltam as relações para Operadores, Parâmetros e Leitura_Itens."
44;Modelagem Relacional Tradicional - Banco Relacional 3FN;Integridade;Manter integridade referencial;Banco de dados;Sim;Alta;Carga e exclusão respeitam restrições;Testes SQL;;Em andamento;;;"Testes SQLite cobrem parte das cargas; falta comprovar integridade referencial do esquema completo no SQL Server."
45;Análise Estatística & Detecção de Outliers - Analytics;Estatística descritiva;Calcular Média por parâmetro e estação;Cálculo;Sim;Alta;Média disponível por parâmetro e estação;Relatório estatístico;;Em andamento;;;"Média, mediana e desvio padrão existem após filtro; falta agregá-los por parâmetro para cada estação."
46;Análise Estatística & Detecção de Outliers - Analytics;Estatística descritiva;Calcular Mediana por parâmetro e estação;Cálculo;Sim;Alta;Mediana disponível por parâmetro e estação;Relatório estatístico;;Em andamento;;;"Média, mediana e desvio padrão existem após filtro; falta agregá-los por parâmetro para cada estação."
47;Análise Estatística & Detecção de Outliers - Analytics;Estatística descritiva;Calcular Desvio padrão por parâmetro e estação;Cálculo;Sim;Alta;Desvio padrão disponível por parâmetro e estação;Relatório estatístico;;Em andamento;;;"Média, mediana e desvio padrão existem após filtro; falta agregá-los por parâmetro para cada estação."
48;Análise Estatística & Detecção de Outliers - Analytics;Estatística descritiva;Calcular Variância por parâmetro e estação;Cálculo;Sim;Alta;Variância disponível por parâmetro e estação;Relatório estatístico;;Não iniciado;;;
49;Análise Estatística & Detecção de Outliers - Analytics;Estatística descritiva;Calcular Intervalo interquartil (IQR) por parâmetro e estação;Cálculo;Sim;Alta;Intervalo interquartil (IQR) disponível por parâmetro e estação;Relatório estatístico;;Em andamento;;;"O IQR é calculado; falta disponibilizá-lo por parâmetro e estação."
50;Análise Estatística & Detecção de Outliers - Analytics;Outliers IQR;Detectar anomalias pela regra IQR = Q3 - Q1;Cálculo;Sim;Alta;Leituras fora dos limites IQR são identificadas;Indicador de outlier;;Concluído;;;
51;Análise Estatística & Detecção de Outliers - Analytics;Outliers Z-Score;Validar anomalias por Z-Score;Cálculo;Sim;Alta;Resultado de Z-Score disponível para validação;Indicador de outlier;;Não iniciado;;;
52;Análise Estatística & Detecção de Outliers - Analytics;Qualidade;Sinalizar leitura anômala com indicador específico;Funcionalidade;Sim;Alta;Toda anomalia possui flag de alerta;Flag de qualidade;;Em andamento;;;"O indicador é temporário no relatório; falta persistir uma flag associada a cada leitura anômala."
53;Modelagem Dimensional e Curadoria- Camada Gold;Star Schema;Transformar dados Silver em esquema estrela;Modelagem;Sim;Alta;Modelo dimensional otimizado e consultável;Modelo Gold;;Não iniciado;;;
54;Modelagem Dimensional e Curadoria- Camada Gold;Fato_Medicoes;Criar tabela Fato_Medicoes;Modelagem dimensional;Sim;Alta;Tabela Fato_Medicoes contém Valor lido, média móvel, indicador de outlier e chaves substitutas;Tabela Fato_Medicoes;;Não iniciado;;;
55;Modelagem Dimensional e Curadoria- Camada Gold;Dim_Estacao;Criar tabela Dim_Estacao;Modelagem dimensional;Sim;Alta;Tabela Dim_Estacao contém Contexto geográfico das estações;Tabela Dim_Estacao;;Não iniciado;;;
56;Modelagem Dimensional e Curadoria- Camada Gold;Dim_Tempo;Criar tabela Dim_Tempo;Modelagem dimensional;Sim;Alta;Tabela Dim_Tempo contém Ano, mês, dia, trimestre, dia da semana e dia útil;Tabela Dim_Tempo;;Não iniciado;;;
57;Modelagem Dimensional e Curadoria- Camada Gold;Dim_Parametro;Criar tabela Dim_Parametro;Modelagem dimensional;Sim;Alta;Tabela Dim_Parametro contém Detalhes operacionais das medições;Tabela Dim_Parametro;;Não iniciado;;;
58;Modelagem Dimensional e Curadoria- Camada Gold;Surrogate Keys;Gerar e usar chaves substitutas nas dimensões e fato;Regra técnica;Sim;Alta;Fato referencia dimensões por SK;Modelo dimensional;;Não iniciado;;;
59;Visualização de Dados no Power BI - Power BI;Conexão;Conectar modelo semântico à Camada Gold;Integração;Sim;Alta;Atualização e consulta da Gold funcionam;Dataset Power BI;;Não iniciado;;;
60;Visualização de Dados no Power BI - Power BI;Relacionamentos;Configurar cardinalidades 1:N entre dimensões e fato;Modelagem;Sim;Alta;Relacionamentos ativos e sem ambiguidade;Modelo semântico;;Não iniciado;;;
61;Visualização de Dados no Power BI - Power BI;DAX;Criar medida de Soma de medições;Medida;Sim;Alta;Medida Soma de medições retorna resultado esperado;Medida DAX;;Não iniciado;;;
62;Visualização de Dados no Power BI - Power BI;DAX;Criar medida de Médias móveis temporais;Medida;Sim;Alta;Medida Médias móveis temporais retorna resultado esperado;Medida DAX;;Não iniciado;;;
63;Visualização de Dados no Power BI - Power BI;DAX;Criar medida de Filtros dinâmicos de status de qualidade;Medida;Sim;Alta;Medida Filtros dinâmicos de status de qualidade retorna resultado esperado;Medida DAX;;Não iniciado;;;
64;Visualização de Dados no Power BI - Power BI;Visualização;Criar Mapa geográfico das estações;Visual;Sim;Alta;Mapa geográfico das estações é interativo e funcional;Dashboard;;Não iniciado;;;
65;Visualização de Dados no Power BI - Power BI;Visualização;Criar Cartões de indicadores de alerta;Visual;Sim;Alta;Cartões de indicadores de alerta é interativo e funcional;Dashboard;;Não iniciado;;;
66;Visualização de Dados no Power BI - Power BI;Visualização;Criar Gráfico de tendência temporal;Visual;Sim;Alta;Gráfico de tendência temporal é interativo e funcional;Dashboard;;Em andamento;;;"Há gráfico temporal no Streamlit; falta entregá-lo no Power BI conectado à Gold."
67;Visualização de Dados no Power BI - Power BI;Visualização;Criar Filtro por bacia;Visual;Sim;Alta;Filtro por bacia é interativo e funcional;Dashboard;;Não iniciado;;;
68;Visualização de Dados no Power BI - Power BI;Visualização;Criar Filtro por município;Visual;Sim;Alta;Filtro por município é interativo e funcional;Dashboard;;Em andamento;;;"O dashboard atual filtra dados fora do Power BI; falta o filtro por município no relatório conectado à Gold."
69;Visualização de Dados no Power BI - Power BI;Storytelling;Organizar telas para apoiar tomada de decisão;UX/Analytics;Sim;Alta;Navegação apresenta contexto, tendência e alertas;Dashboard executivo;;Em andamento;;;"Há abas e gráficos no Streamlit; falta storytelling e navegação executiva no Power BI com dados da Gold."
70;Orquestração, Idempotência e CI/CD - Orquestração e DevOps;Idempotência;Permitir reexecução histórica por backfill;Regra técnica;Sim;Alta;Período histórico pode ser reprocessado;Pipeline;;Não iniciado;;;
71;Orquestração, Idempotência e CI/CD - Orquestração e DevOps;Idempotência;Sobrescrever partição afetada sem duplicar linhas;Regra técnica;Sim;Alta;Reexecução mantém a mesma cardinalidade lógica;Pipeline;;Não iniciado;;;
72;Orquestração, Idempotência e CI/CD - Orquestração e DevOps;Logging estruturado;Registrar Carimbo de data/hora;Observabilidade;Sim;Alta;Logs contêm Carimbo de data/hora;Log estruturado;;Concluído;;;
73;Orquestração, Idempotência e CI/CD - Orquestração e DevOps;Logging estruturado;Registrar Nível INFO;Observabilidade;Sim;Alta;Logs contêm Nível INFO;Log estruturado;;Concluído;;;
74;Orquestração, Idempotência e CI/CD - Orquestração e DevOps;Logging estruturado;Registrar Nível WARNING;Observabilidade;Sim;Alta;Logs contêm Nível WARNING;Log estruturado;;Em andamento;;;"O logger suporta WARNING e ERROR; faltam execução/logs verificáveis e testes desses níveis."
75;Orquestração, Idempotência e CI/CD - Orquestração e DevOps;Logging estruturado;Registrar Nível ERROR;Observabilidade;Sim;Alta;Logs contêm Nível ERROR;Log estruturado;;Em andamento;;;"O logger suporta WARNING e ERROR; faltam execução/logs verificáveis e testes desses níveis."
76;Orquestração, Idempotência e CI/CD - Orquestração e DevOps;Logging estruturado;Registrar Mensagem descritiva;Observabilidade;Sim;Alta;Logs contêm Mensagem descritiva;Log estruturado;;Concluído;;;
77;Orquestração, Idempotência e CI/CD - Orquestração e DevOps;Logging;Não usar apenas exibições simples de tela;Restrição;Sim;Alta;Eventos operacionais ficam persistidos em log;Mecanismo de logging;;Concluído;;;
78;Orquestração, Idempotência e CI/CD - Orquestração e DevOps;Git Flow;Utilizar branch main;Versionamento;Sim;Alta;Branch main existe e segue finalidade definida;Repositório Git;;Concluído;;;
79;Orquestração, Idempotência e CI/CD - Orquestração e DevOps;Git Flow;Utilizar branch feature/ingestao;Versionamento;Sim;Alta;Branch feature/ingestao existe e segue finalidade definida;Repositório Git;;Não iniciado;;;
80;Orquestração, Idempotência e CI/CD - Orquestração e DevOps;Git Flow;Utilizar branch feature/modelagem;Versionamento;Sim;Alta;Branch feature/modelagem existe e segue finalidade definida;Repositório Git;;Não iniciado;;;
81;Orquestração, Idempotência e CI/CD - Orquestração e DevOps;Git Flow;Utilizar branch feature/analytics;Versionamento;Sim;Alta;Branch feature/analytics existe e segue finalidade definida;Repositório Git;;Não iniciado;;;
82;Orquestração, Idempotência e CI/CD - Orquestração e DevOps;Pull Request;Entregar alterações por Pull Requests;Processo;Sim;Alta;Mudanças são revisadas antes do merge;PRs;;Concluído;;;
83;Estrutura de Pastas Esperada no Repositório - Documentação;README.md;Documentar Arquitetura da solução;Documentação;Sim;Alta;README contém seção de Arquitetura da solução;README.md;;Concluído;;;
84;Estrutura de Pastas Esperada no Repositório - Documentação;README.md;Documentar Dicionário de dados;Documentação;Sim;Alta;README contém seção de Dicionário de dados;README.md;;Em andamento;;;"O README descreve tabelas; falta um dicionário detalhado de campos, tipos e definições."
85;Estrutura de Pastas Esperada no Repositório - Documentação;README.md;Documentar Instruções de instalação;Documentação;Sim;Alta;README contém seção de Instruções de instalação;README.md;;Concluído;;;
86;Estrutura de Pastas Esperada no Repositório - Documentação;README.md;Documentar Roteiro operacional Runbook;Documentação;Sim;Alta;README contém seção de Roteiro operacional Runbook;README.md;;Em andamento;;;"O README traz instruções de execução; falta um runbook operacional completo, incluindo monitoramento e tratamento de falhas."
87;Testes;Testes unitários;Criar testes unitários automatizados;Teste;Sim;Alta;Testes executam com sucesso e cobrem regras críticas;Suíte de testes;;Em andamento;;;"Há testes automatizados; falta validar a suíte atual e cobrir regras críticas ainda ausentes ou parciais."
88;Estrutura de Pastas Esperada no Repositório - Estrutura do Repositório;Pastas e arquivos;Criar .env.example;Estrutura;Sim;Alta;Item .env.example existe no repositório;.env.example;;Não iniciado;;;
89;Estrutura de Pastas Esperada no Repositório - Estrutura do Repositório;Pastas e arquivos;Criar .gitignore;Estrutura;Sim;Alta;Item .gitignore existe no repositório;.gitignore;;Concluído;;;
90;Estrutura de Pastas Esperada no Repositório - Estrutura do Repositório;Pastas e arquivos;Criar requirements.txt;Estrutura;Sim;Alta;Item requirements.txt existe no repositório;requirements.txt;;Em andamento;;;"Dependências estão em `requirements.txt`; falta o arquivo no caminho esperado `requirements.txt`."
91;Estrutura de Pastas Esperada no Repositório - Estrutura do Repositório;Pastas e arquivos;Criar README.md;Estrutura;Sim;Alta;Item README.md existe no repositório;README.md;;Concluído;;;
92;Estrutura de Pastas Esperada no Repositório - Estrutura do Repositório;Pastas e arquivos;Criar data/bronze/;Estrutura;Sim;Alta;Item data/bronze/ existe no repositório;data/bronze/;;Não iniciado;;;
93;Estrutura de Pastas Esperada no Repositório - Estrutura do Repositório;Pastas e arquivos;Criar data/silver/;Estrutura;Sim;Alta;Item data/silver/ existe no repositório;data/silver/;;Não iniciado;;;
94;Estrutura de Pastas Esperada no Repositório - Estrutura do Repositório;Pastas e arquivos;Criar data/gold/;Estrutura;Sim;Alta;Item data/gold/ existe no repositório;data/gold/;;Não iniciado;;;
95;Estrutura de Pastas Esperada no Repositório - Estrutura do Repositório;Pastas e arquivos;Criar sql/ddl_banco_relacional.sql;Estrutura;Sim;Alta;Item sql/ddl_banco_relacional.sql existe no repositório;sql/ddl_banco_relacional.sql;;Em andamento;;;"O DDL está em `create-tables.sql`; falta o artefato `sql/ddl_banco_relacional.sql`."
96;Estrutura de Pastas Esperada no Repositório - Estrutura do Repositório;Pastas e arquivos;Criar sql/ddl_lakehouse.sql;Estrutura;Sim;Alta;Item sql/ddl_lakehouse.sql existe no repositório;sql/ddl_lakehouse.sql;;Não iniciado;;;
97;Estrutura de Pastas Esperada no Repositório - Estrutura do Repositório;Pastas e arquivos;Criar sql/queries_analiticas.sql;Estrutura;Sim;Alta;Item sql/queries_analiticas.sql existe no repositório;sql/queries_analiticas.sql;;Em andamento;;;"Há consultas em `consultas-essenciais.sql`; falta `sql/queries_analiticas.sql` com o escopo previsto."
98;Estrutura de Pastas Esperada no Repositório - Estrutura do Repositório;Pastas e arquivos;Criar src/__init__.py;Estrutura;Sim;Alta;Item src/__init__.py existe no repositório;src/__init__.py;;Concluído;;;
99;Estrutura de Pastas Esperada no Repositório - Estrutura do Repositório;Pastas e arquivos;Criar src/ingestion.py;Estrutura;Sim;Alta;Item src/ingestion.py existe no repositório;src/ingestion.py;;Em andamento;;;"A ingestão está distribuída em `ingestion`; falta `src/ingestion.py`."
100;Estrutura de Pastas Esperada no Repositório - Estrutura do Repositório;Pastas e arquivos;Criar src/quality_governance.py;Estrutura;Sim;Alta;Item src/quality_governance.py existe no repositório;src/quality_governance.py;;Em andamento;;;"Validações estão distribuídas entre parsers e DDL; falta `src/quality_governance.py`."
101;Estrutura de Pastas Esperada no Repositório - Estrutura do Repositório;Pastas e arquivos;Criar src/database_manager.py;Estrutura;Sim;Alta;Item src/database_manager.py existe no repositório;src/database_manager.py;;Em andamento;;;"Cargas e conexão SQL estão distribuídas entre DML e configuração; falta `src/database_manager.py`."
102;Estrutura de Pastas Esperada no Repositório - Estrutura do Repositório;Pastas e arquivos;Criar src/analytics_outliers.py;Estrutura;Sim;Alta;Item src/analytics_outliers.py existe no repositório;src/analytics_outliers.py;;Em andamento;;;"A lógica de outliers está em `Relatorios_estatisticos.py`; falta `src/analytics_outliers.py`."
103;Estrutura de Pastas Esperada no Repositório - Estrutura do Repositório;Pastas e arquivos;Criar src/pipeline_orchestrator.py;Estrutura;Sim;Alta;Item src/pipeline_orchestrator.py existe no repositório;src/pipeline_orchestrator.py;;Em andamento;;;"`main.py` inicia scripts independentes; falta `src/pipeline_orchestrator.py`."
104;Estrutura de Pastas Esperada no Repositório - Estrutura do Repositório;Pastas e arquivos;Criar tests/test_quality_data.py;Estrutura;Sim;Alta;Item tests/test_quality_data.py existe no repositório;tests/test_quality_data.py;;Em andamento;;;"Os testes estão separados por módulo; falta `tests/test_quality_data.py` para as regras de qualidade."
105;Critérios de Avaliação e Entregáveis;Repositório GitHub;Entregar Repositório GitHub;Entregável;Sim;Crítica;Histórico legível, branches, testes unitários e README;Repositório GitHub;;Concluído;;;
106;Critérios de Avaliação e Entregáveis;Data Lakehouse populado;Entregar Data Lakehouse populado;Entregável;Sim;Crítica;Arquivos presentes nas camadas Bronze, Silver e Gold;Data Lakehouse populado;;Não iniciado;;;
107;Critérios de Avaliação e Entregáveis;Banco relacional 3FN;Entregar Banco relacional 3FN;Entregável;Sim;Crítica;Scripts executados, PKs, FKs e integridade referencial;Banco relacional 3FN;;Bloqueado;;;
108;Critérios de Avaliação e Entregáveis;Relatório estatístico e de qualidade;Entregar Relatório estatístico e de qualidade;Entregável;Sim;Crítica;Logs comprovam outliers e tratamento de inconsistências;Relatório estatístico e de qualidade;;Em andamento;;;"O log registra estatísticas e outliers; falta comprovar tratamento e auditoria de inconsistências."
109;Critérios de Avaliação e Entregáveis;Dashboard Power BI;Entregar Dashboard Power BI;Entregável;Sim;Crítica;Relatórios conectados à Gold, filtros, navegação e storytelling;Dashboard Power BI;;Não iniciado;;;
